{"namedChunkGroups":{"polyfill":{"name":"polyfill","assets":[{"name":"webpack-runtime-66eb9db603c5143d464b.js","size":4272},{"name":"polyfill-92edb052d9e0213d19ad.js","size":82637}],"filteredAssets":0,"assetsSize":86909,"filteredAuxiliaryAssets":2,"auxiliaryAssetsSize":223527},"app":{"name":"app","assets":[{"name":"webpack-runtime-66eb9db603c5143d464b.js","size":4272},{"name":"styles.254c56482bc9e2dd534b.css","size":20476},{"name":"framework-67bb68fe6b125465eaad.js","size":128695},{"name":"app-000c2bde88a99bb093dc.js","size":51032}],"filteredAssets":0,"assetsSize":204475,"filteredAuxiliaryAssets":3,"auxiliaryAssetsSize":556836},"component---src-pages-index-js":{"name":"component---src-pages-index-js","assets":[{"name":"styles.254c56482bc9e2dd534b.css","size":20476},{"name":"component---src-pages-index-js-81ea66cac4e7c42b7bfd.js","size":30555}],"filteredAssets":0,"assetsSize":51031,"filteredAuxiliaryAssets":1,"auxiliaryAssetsSize":95629}},"assetsByChunkName":{"polyfill":["webpack-runtime-66eb9db603c5143d464b.js","polyfill-92edb052d9e0213d19ad.js"],"app":["webpack-runtime-66eb9db603c5143d464b.js","styles.254c56482bc9e2dd534b.css","framework-67bb68fe6b125465eaad.js","app-000c2bde88a99bb093dc.js"],"component---src-pages-index-js":["styles.254c56482bc9e2dd534b.css","component---src-pages-index-js-81ea66cac4e7c42b7bfd.js"]},"childAssetsByChunkName":{}}